tipo,genero,apellido1,apellido2,nombre_a,nombre_b,estrategia
T2,F,García,,Julia,Rocío,contraste
T2,F,García,,Alejandra,Emilia,aleatorio
T2,F,García,,Emma,Luna,aleatorio
T2,F,García,,Manuela,Cecilia,dificil
T2,F,García,,Rocío,Amelia,contraste
T2,F,García,,Diana,Julia,dificil
T2,F,García,,Emilia,Amelia,dificil
T2,F,García,,Victoria,Rocío,contraste
T2,F,García,,Catalina,María,dificil
T2,F,García,,Olivia,Rocío,contraste
T2,F,García,,Irene,Sara,aleatorio
T2,F,García,,Rocío,Valeria,contraste
T2,F,García,,Ramona,Cecilia,dificil
T2,F,García,,Martina,Cecilia,dificil
T2,F,García,,Regina,Irene,aleatorio
T2,F,García,,Valeria,Regina,aleatorio
T2,F,García,,Cecilia,Rocío,contraste
T2,F,García,,Manuela,Ramona,dificil
T2,F,García,,Isabel,Emma,aleatorio
T2,F,García,,Rocío,Ignacia,contraste
T2,F,García,,Luna,Aitana,aleatorio
T2,F,García,,Emilia,Rocío,contraste
T2,F,García,,Andrea,Lucía,aleatorio
T2,F,García,,Aitana,Sara,dificil
T2,F,García,,Renata,Valentina,dificil
T2,F,Rodríguez,,Elena,María,dificil
T2,F,Rodríguez,,Inés,Andrea,aleatorio
T2,F,Rodríguez,,Martina,Cecilia,dificil
T2,F,Rodríguez,,Rocío,Julia,contraste
T2,F,Rodríguez,,Milagros,Catalina,aleatorio
T2,F,Rodríguez,,Ramona,Valeria,dificil
T2,F,Rodríguez,,Amelia,Rocío,contraste
T2,F,Rodríguez,,Cecilia,Ignacia,dificil
T2,F,Rodríguez,,Emma,Luna,dificil
T2,F,Rodríguez,,Rocío,Ignacia,contraste
T2,F,Rodríguez,,Irene,Jimena,aleatorio
T2,F,Rodríguez,,Victoria,Rocío,contraste
T2,F,Rodríguez,,Amelia,Emilia,dificil
T2,F,Rodríguez,,Mía,Ana,dificil
T2,F,Rodríguez,,Rocío,Isabella,contraste
T2,F,Rodríguez,,Camila,Jimena,aleatorio
T2,F,Rodríguez,,Mía,Isabella,aleatorio
T2,F,Rodríguez,,Ramona,Amelia,aleatorio
T2,F,Rodríguez,,Camila,Ximena,dificil
T2,F,Rodríguez,,Rocío,Cecilia,contraste
T2,F,Rodríguez,,Valeria,Rocío,contraste
T2,F,Rodríguez,,Rocío,Olivia,contraste
T2,F,Rodríguez,,Lucía,Amelia,aleatorio
T2,F,Rodríguez,,Gabriela,Laura,dificil
T2,F,Rodríguez,,Josefina,Emilia,aleatorio
T2,F,González,,Andrea,Miranda,dificil
T2,F,González,,Julieta,Andrea,aleatorio
T2,F,González,,Rocío,Amelia,contraste
T2,F,González,,Ana,Emilia,dificil
T2,F,González,,Miranda,Lucía,aleatorio
T2,F,González,,Ramona,Cecilia,dificil
T2,F,González,,Rocío,Emilia,contraste
T2,F,González,,Ximena,Jimena,dificil
T2,F,González,,Rocío,Victoria,contraste
T2,F,González,,Daniela,Martina,dificil
T2,F,González,,Ignacia,Valeria,dificil
T2,F,González,,Regina,María,dificil
T2,F,González,,Isabella,Camila,aleatorio
T2,F,González,,Rocío,Isabella,contraste
T2,F,González,,Valeria,Sara,aleatorio
T2,F,González,,Rocío,Ignacia,contraste
T2,F,González,,Olivia,Rocío,contraste
T2,F,González,,Julia,Diana,dificil
T2,F,González,,Irene,Milagros,aleatorio
T2,F,González,,Sofía,Paula,aleatorio
T2,F,González,,Fernanda,Josefina,aleatorio
T2,F,González,,Ramona,Manuela,dificil
T2,F,González,,Rocío,Julia,contraste
T2,F,González,,Rocío,Valeria,contraste
T2,F,González,,Valeria,Martina,aleatorio
T2,F,López,,Julia,Rocío,contraste
T2,F,López,,Emma,Luna,dificil
T2,F,López,,Regina,Sara,aleatorio
T2,F,López,,Josefina,Daniela,aleatorio
T2,F,López,,Isabella,Rocío,contraste
T2,F,López,,Valentina,Gabriela,aleatorio
T2,F,López,,Amelia,Emilia,dificil
T2,F,López,,Victoria,Fernanda,aleatorio
T2,F,López,,Rocío,Emilia,contraste
T2,F,López,,Sara,Julieta,aleatorio
T2,F,López,,Victoria,Rocío,contraste
T2,F,López,,Amelia,Rocío,contraste
T2,F,López,,Ignacia,Rocío,contraste
T2,F,López,,Inés,Belén,aleatorio
T2,F,López,,Paula,Clara,dificil
T2,F,López,,Julia,Renata,aleatorio
T2,F,López,,Regina,Renata,dificil
T2,F,López,,Julieta,Andrea,dificil
T2,F,López,,Jimena,Ximena,dificil
T2,F,López,,Laura,Clara,dificil
T2,F,López,,Ramona,Valeria,dificil
T2,F,López,,Paloma,Jimena,dificil
T2,F,López,,Andrea,Fernanda,aleatorio
T2,F,López,,Rocío,Irene,contraste
T2,F,López,,Valeria,Rocío,contraste
T2,F,Martínez,,Rocío,Olivia,contraste
T2,F,Martínez,,Valeria,Aitana,aleatorio
T2,F,Martínez,,Ignacia,Ramona,dificil
T2,F,Martínez,,Miranda,Valeria,dificil
T2,F,Martínez,,Rocío,Isabella,contraste
T2,F,Martínez,,Milagros,Fernanda,aleatorio
T2,F,Martínez,,Alejandra,Cecilia,aleatorio
T2,F,Martínez,,Martina,Ramona,dificil
T2,F,Martínez,,Ignacia,Belén,aleatorio
T2,F,Martínez,,Milagros,Diana,dificil
T2,F,Martínez,,Emilia,Julia,aleatorio
T2,F,Martínez,,Andrea,Belén,dificil
T2,F,Martínez,,Camila,Ximena,dificil
T2,F,Martínez,,Rocío,Ignacia,contraste
T2,F,Martínez,,Ignacia,Valeria,dificil
T2,F,Martínez,,Emilia,Rocío,contraste
T2,F,Martínez,,Isabel,Paloma,aleatorio
T2,F,Martínez,,Julia,Miranda,aleatorio
T2,F,Martínez,,Julia,Rocío,contraste
T2,F,Martínez,,Rocío,Valeria,contraste
T2,F,Martínez,,Victoria,Rocío,contraste
T2,F,Martínez,,Begoña,Renata,dificil
T2,F,Martínez,,Rocío,Cecilia,contraste
T2,F,Martínez,,Victoria,Sofía,dificil
T2,F,Martínez,,Elena,María,aleatorio
T2,F,Díaz,,Rocío,Victoria,contraste
T2,F,Díaz,,Carmen,Milagros,contraste
T2,F,Díaz,,Rocío,Isabella,contraste
T2,F,Díaz,,Belén,Milagros,contraste
T2,F,Díaz,,Rocío,Alejandra,aleatorio
T2,F,Díaz,,Lucía,Mía,aleatorio
T2,F,Díaz,,Cecilia,Rocío,contraste
T2,F,Díaz,,Lucía,Catalina,aleatorio
T2,F,Díaz,,Ximena,Jimena,dificil
T2,F,Díaz,,María,Victoria,dificil
T2,F,Díaz,,Ramona,Ignacia,dificil
T2,F,Díaz,,Rocío,Olivia,contraste
T2,F,Díaz,,Daniela,Ignacia,dificil
T2,F,Díaz,,Clara,Mía,dificil
T2,F,Díaz,,Diana,Sofía,aleatorio
T2,F,Díaz,,Paloma,Andrea,aleatorio
T2,F,Díaz,,Catalina,Victoria,dificil
T2,F,Díaz,,Valeria,Manuela,aleatorio
T2,F,Díaz,,Inés,Carmen,contraste
T2,F,Díaz,,Amelia,Emilia,dificil
T2,F,Díaz,,Isabella,Regina,dificil
T2,F,Díaz,,Irene,Daniela,aleatorio
T2,F,Díaz,,Julia,Diana,dificil
T2,F,Díaz,,Inés,Belén,contraste
T2,F,Díaz,,Emilia,Daniela,aleatorio
T2,F,Romero,,Renata,Regina,dificil
T2,F,Romero,,Olivia,Rocío,contraste
T2,F,Romero,,Paula,Jimena,aleatorio
T2,F,Romero,,Martina,Andrea,aleatorio
T2,F,Romero,,Andrea,Elena,dificil
T2,F,Romero,,Victoria,Rocío,contraste
T2,F,Romero,,Emma,Carmen,aleatorio
T2,F,Romero,,Diana,Ana,dificil
T2,F,Romero,,Amelia,Rocío,contraste
T2,F,Romero,,Valeria,Rocío,contraste
T2,F,Romero,,Rocío,Julia,contraste
T2,F,Romero,,Josefina,Daniela,aleatorio
T2,F,Romero,,Camila,Ximena,dificil
T2,F,Romero,,Belén,Daniela,aleatorio
T2,F,Romero,,Camila,Jimena,dificil
T2,F,Romero,,Miranda,Valeria,dificil
T2,F,Romero,,Amelia,Emilia,dificil
T2,F,Romero,,Rocío,Isabella,contraste
T2,F,Romero,,Ramona,Irene,aleatorio
T2,F,Romero,,Rocío,Cecilia,contraste
T2,F,Romero,,Ignacia,Rocío,contraste
T2,F,Romero,,Ramona,Miranda,dificil
T2,F,Romero,,Elena,Regina,aleatorio
T2,F,Romero,,Daniela,Elena,dificil
T2,F,Romero,,Miranda,María,aleatorio
T2,F,Torres,,Rocío,Cecilia,contraste
T2,F,Torres,,Amelia,Emilia,dificil
T2,F,Torres,,Ramona,Ignacia,dificil
T2,F,Torres,,Valeria,Rocío,contraste
T2,F,Torres,,Andrea,Emilia,aleatorio
T2,F,Torres,,Valentina,Martina,aleatorio
T2,F,Torres,,Andrea,Jimena,aleatorio
T2,F,Torres,,Rocío,Julia,contraste
T2,F,Torres,,Irene,Sara,dificil
T2,F,Torres,,Julia,Emma,aleatorio
T2,F,Torres,,Ximena,Jimena,dificil
T2,F,Torres,,Paloma,Inés,dificil
T2,F,Torres,,Rocío,Ignacia,contraste
T2,F,Torres,,Elena,Ana,aleatorio
T2,F,Torres,,Begoña,Isabella,aleatorio
T2,F,Torres,,Rocío,Isabella,contraste
T2,F,Torres,,Ramona,Manuela,dificil
T2,F,Torres,,Paloma,Elena,aleatorio
T2,F,Torres,,Cecilia,Daniela,dificil
T2,F,Torres,,Rocío,Irene,contraste
T2,F,Torres,,Olivia,Rocío,contraste
T2,F,Torres,,Rocío,Amelia,contraste
T2,F,Torres,,Martina,Ramona,dificil
T2,F,Torres,,Cecilia,Manuela,aleatorio
T2,F,Torres,,Manuela,Ignacia,dificil
T2,F,Herrera,,Sara,Emilia,aleatorio
T2,F,Herrera,,Camila,Ximena,dificil
T2,F,Herrera,,Gabriela,Clara,dificil
T2,F,Herrera,,Rocío,Julia,contraste
T2,F,Herrera,,Josefina,Carmen,dificil
T2,F,Herrera,,Elena,Manuela,dificil
T2,F,Herrera,,Martina,Miranda,dificil
T2,F,Herrera,,Ramona,Fernanda,aleatorio
T2,F,Herrera,,Amelia,Rocío,contraste
T2,F,Herrera,,Cecilia,Rocío,contraste
T2,F,Herrera,,Ignacia,Martina,dificil
T2,F,Herrera,,Cecilia,Amelia,aleatorio
T2,F,Herrera,,Rocío,Valeria,contraste
T2,F,Herrera,,Emilia,Rocío,contraste
T2,F,Herrera,,Manuela,Isabella,aleatorio
T2,F,Herrera,,Rocío,Victoria,contraste
T2,F,Herrera,,Milagros,Martina,dificil
T2,F,Herrera,,Rocío,Ignacia,contraste
T2,F,Herrera,,Regina,Valeria,aleatorio
T2,F,Herrera,,Olivia,Julieta,aleatorio
T2,F,Herrera,,Carmen,Inés,aleatorio
T2,F,Herrera,,Ignacia,Milagros,dificil
T2,F,Herrera,,Rocío,Isabella,contraste
T2,F,Herrera,,Martina,Julia,aleatorio
T2,F,Herrera,,Ignacia,Ramona,dificil
T2,F,Flores,,Sara,Martina,aleatorio
T2,F,Flores,,Inés,Gabriela,dificil
T2,F,Flores,,Martina,Paloma,aleatorio
T2,F,Flores,,Victoria,Catalina,dificil
T2,F,Flores,,Carmen,Olivia,contraste
T2,F,Flores,,Daniela,Milagros,aleatorio
T2,F,Flores,,Belén,Isabel,contraste
T2,F,Flores,,Ignacia,Ramona,dificil
T2,F,Flores,,Irene,Carmen,contraste
T2,F,Flores,,Cecilia,Daniela,dificil
T2,F,Flores,,Milagros,Alejandra,aleatorio
T2,F,Flores,,Cecilia,Manuela,dificil
T2,F,Flores,,Regina,Valeria,aleatorio
T2,F,Flores,,Begoña,Amelia,aleatorio
T2,F,Flores,,Isabella,Belén,contraste
T2,F,Flores,,Julia,Diana,dificil
T2,F,Flores,,Cecilia,Ramona,dificil
T2,F,Flores,,Belén,Irene,contraste
T2,F,Flores,,Carmen,Isabel,contraste
T2,F,Flores,,Ignacia,Manuela,dificil
T2,F,Flores,,Miranda,Milagros,aleatorio
T2,F,Flores,,Amelia,Emilia,dificil
T2,F,Flores,,Ramona,Regina,aleatorio
T2,F,Flores,,Isabella,Carmen,contraste
T2,F,Flores,,Carmen,Cecilia,contraste
T2,M,Cruz,,David,Baltasar,contraste
T2,M,Cruz,,Benjamín,David,contraste
T2,M,Cruz,,Bruno,Leonardo,dificil
T2,M,Cruz,,Juan,Tomás,dificil
T2,M,Cruz,,Benjamín,Matías,aleatorio
T2,M,Cruz,,Álvaro,Matías,dificil
T2,M,Cruz,,David,Rafael,aleatorio
T2,M,Cruz,,Carlos,Edmundo,dificil
T2,M,Cruz,,Antonio,Matías,dificil
T2,M,Cruz,,David,Juan,contraste
T2,M,Cruz,,Carlos,David,aleatorio
T2,M,Cruz,,Joaquín,Bruno,aleatorio
T2,M,Cruz,,Pablo,Pedro,dificil
T2,M,Cruz,,Felipe,Pablo,aleatorio
T2,M,Cruz,,Adrián,David,contraste
T2,M,Cruz,,Emilio,Raúl,aleatorio
T2,M,Cruz,,Gabriel,Benjamín,dificil
T2,M,Cruz,,Rubén,Adrián,aleatorio
T2,M,Cruz,,David,Sebastián,contraste
T2,M,Cruz,,Raúl,Thiago,aleatorio
T2,M,Cruz,,Martín,David,contraste
T2,M,Cruz,,Joaquín,David,contraste
T2,M,Cruz,,Álvaro,Antonio,dificil
T2,M,Cruz,,David,Agustín,contraste
T2,M,Cruz,,Sebastián,Thiago,dificil
T2,M,Muñoz,,Álvaro,Vicente,aleatorio
T2,M,Muñoz,,David,Baltasar,contraste
T2,M,Muñoz,,Emiliano,Carlos,dificil
T2,M,Muñoz,,Óscar,Isaac,contraste
T2,M,Muñoz,,Javier,David,contraste
T2,M,Muñoz,,Enzo,Casimiro,aleatorio
T2,M,Muñoz,,Isaac,Rafael,contraste
T2,M,Muñoz,,José,Vicente,dificil
T2,M,Muñoz,,Pablo,Lucas,aleatorio
T2,M,Muñoz,,Andrés,Gael,aleatorio
T2,M,Muñoz,,Miguel,Manuel,dificil
T2,M,Muñoz,,Mateo,Felipe,dificil
T2,M,Muñoz,,Isaac,Miguel,contraste
T2,M,Muñoz,,Adrián,Pablo,aleatorio
T2,M,Muñoz,,Isaac,Javier,contraste
T2,M,Muñoz,,David,Óscar,contraste
T2,M,Muñoz,,Lucas,Felipe,dificil
T2,M,Muñoz,,Thiago,Alejandro,aleatorio
T2,M,Muñoz,,Baltasar,Isaac,contraste
T2,M,Muñoz,,Gael,Nicolás,dificil
T2,M,Muñoz,,Gael,Raúl,aleatorio
T2,M,Muñoz,,Diego,Pedro,aleatorio
T2,M,Muñoz,,Casimiro,Andrés,dificil
T2,M,Muñoz,,Pedro,Pablo,dificil
T2,M,Muñoz,,Bruno,Vicente,dificil
T2,M,Iglesias,,Álvaro,Adrián,aleatorio
T2,M,Iglesias,,Álvaro,Antonio,dificil
T2,M,Iglesias,,Franco,Sebastián,aleatorio
T2,M,Iglesias,,Samuel,Sebastián,aleatorio
T2,M,Iglesias,,Nicolás,Andrés,dificil
T2,M,Iglesias,,Óscar,Gael,aleatorio
T2,M,Iglesias,,Adrián,Samuel,dificil
T2,M,Iglesias,,Matías,Rafael,dificil
T2,M,Iglesias,,Demetrio,Gabriel,contraste
T2,M,Iglesias,,Joaquín,Vicente,aleatorio
T2,M,Iglesias,,Demetrio,Miguel,contraste
T2,M,Iglesias,,Demetrio,Ángel,contraste
T2,M,Iglesias,,Gael,Demetrio,contraste
T2,M,Iglesias,,Manuel,Miguel,dificil
T2,M,Iglesias,,Demetrio,Rafael,contraste
T2,M,Iglesias,,Javier,Óscar,dificil
T2,M,Iglesias,,Demetrio,Pablo,aleatorio
T2,M,Iglesias,,Óscar,Demetrio,contraste
T2,M,Iglesias,,Gael,Lucas,aleatorio
T2,M,Iglesias,,Andrés,Baltasar,dificil
T2,M,Iglesias,,Lucas,Tomás,dificil
T2,M,Iglesias,,Baltasar,Nicolás,dificil
T2,M,Iglesias,,Samuel,Demetrio,contraste
T2,M,Iglesias,,Demetrio,Manuel,contraste
T2,M,Iglesias,,Martín,Rodrigo,aleatorio
T2,M,Castillo,,Adrián,David,contraste
T2,M,Castillo,,David,Juan,contraste
T2,M,Castillo,,Manuel,Agustín,aleatorio
T2,M,Castillo,,Pablo,Pedro,dificil
T2,M,Castillo,,Benjamín,David,contraste
T2,M,Castillo,,Antonio,Álvaro,dificil
T2,M,Castillo,,Lucas,Miguel,aleatorio
T2,M,Castillo,,Isaac,Edmundo,aleatorio
T2,M,Castillo,,Pablo,Lucas,aleatorio
T2,M,Castillo,,Nicolás,Agustín,dificil
T2,M,Castillo,,Tomás,Lucas,dificil
T2,M,Castillo,,Edmundo,Ángel,aleatorio
T2,M,Castillo,,Thiago,Raúl,dificil
T2,M,Castillo,,Maximiliano,Diego,dificil
T2,M,Castillo,,Óscar,David,contraste
T2,M,Castillo,,Santiago,Joaquín,aleatorio
T2,M,Castillo,,Agustín,David,contraste
T2,M,Castillo,,David,Sebastián,contraste
T2,M,Castillo,,Andrés,Vicente,dificil
T2,M,Castillo,,David,Joaquín,contraste
T2,M,Castillo,,David,Martín,contraste
T2,M,Castillo,,Miguel,Manuel,dificil
T2,M,Castillo,,Juan,Enzo,aleatorio
T2,M,Castillo,,Agustín,Felipe,aleatorio
T2,M,Castillo,,Adrián,Alejandro,dificil
T2,M,Rubio,,Raúl,Óscar,contraste
T2,M,Rubio,,Carlos,Javier,contraste
T2,M,Rubio,,Álvaro,Antonio,dificil
T2,M,Rubio,,Mateo,Franco,dificil
T2,M,Rubio,,Nicolás,Manuel,aleatorio
T2,M,Rubio,,Ángel,Emiliano,aleatorio
T2,M,Rubio,,Vicente,Enzo,dificil
T2,M,Rubio,,Rafael,Baltasar,contraste
T2,M,Rubio,,Gabriel,Nicolás,dificil
T2,M,Rubio,,Agustín,Gabriel,aleatorio
T2,M,Rubio,,Demetrio,Emiliano,aleatorio
T2,M,Rubio,,Carlos,Baltasar,contraste
T2,M,Rubio,,Javier,Óscar,dificil
T2,M,Rubio,,Samuel,Gabriel,aleatorio
T2,M,Rubio,,Raúl,Baltasar,contraste
T2,M,Rubio,,Diego,Alejandro,aleatorio
T2,M,Rubio,,Matías,Rubén,dificil
T2,M,Rubio,,Rodrigo,Benjamín,aleatorio
T2,M,Rubio,,Casimiro,Isaac,aleatorio
T2,M,Rubio,,Óscar,Ángel,dificil
T2,M,Rubio,,Javier,Ángel,dificil
T2,M,Rubio,,Martín,Manuel,dificil
T2,M,Rubio,,Óscar,Carlos,contraste
T2,M,Rubio,,Raúl,Javier,contraste
T2,M,Rubio,,Baltasar,Miguel,contraste
T2,M,Navarro,,Manuel,Edmundo,aleatorio
T2,M,Navarro,,Emiliano,Demetrio,dificil
T2,M,Navarro,,Gabriel,Matías,dificil
T2,M,Navarro,,Raúl,Adrián,contraste
T2,M,Navarro,,David,Sebastián,contraste
T2,M,Navarro,,Raúl,Sebastián,contraste
T2,M,Navarro,,Pedro,Tomás,aleatorio
T2,M,Navarro,,Mateo,Felipe,dificil
T2,M,Navarro,,Bruno,Franco,aleatorio
T2,M,Navarro,,Adrián,David,contraste
T2,M,Navarro,,José,Ángel,aleatorio
T2,M,Navarro,,Thiago,Diego,dificil
T2,M,Navarro,,Demetrio,Pedro,aleatorio
T2,M,Navarro,,Óscar,Benjamín,dificil
T2,M,Navarro,,Pedro,Vicente,aleatorio
T2,M,Navarro,,Isaac,Sebastián,contraste
T2,M,Navarro,,Manuel,Miguel,dificil
T2,M,Navarro,,Javier,Gael,aleatorio
T2,M,Navarro,,Juan,David,contraste
T2,M,Navarro,,Rodrigo,David,aleatorio
T2,M,Navarro,,Adrián,Rubén,dificil
T2,M,Navarro,,Leonardo,Andrés,dificil
T2,M,Navarro,,Álvaro,Antonio,dificil
T2,M,Navarro,,Raúl,Juan,contraste
T2,M,Navarro,,Isaac,Adrián,contraste
T2,M,Sepúlveda,,Adrián,David,contraste
T2,M,Sepúlveda,,Juan,David,contraste
T2,M,Sepúlveda,,David,Agustín,contraste
T2,M,Sepúlveda,,Manuel,Miguel,dificil
T2,M,Sepúlveda,,Felipe,Franco,aleatorio
T2,M,Sepúlveda,,Pablo,Pedro,dificil
T2,M,Sepúlveda,,David,Joaquín,contraste
T2,M,Sepúlveda,,Benjamín,David,contraste
T2,M,Sepúlveda,,Adrián,Tomás,aleatorio
T2,M,Sepúlveda,,Franco,Edmundo,dificil
T2,M,Sepúlveda,,Pablo,Benjamín,aleatorio
T2,M,Sepúlveda,,Tomás,Lucas,dificil
T2,M,Sepúlveda,,Isaac,Thiago,aleatorio
T2,M,Sepúlveda,,Santiago,Sebastián,aleatorio
T2,M,Sepúlveda,,Martín,David,contraste
T2,M,Sepúlveda,,Gabriel,Alejandro,aleatorio
T2,M,Sepúlveda,,Bruno,Emiliano,dificil
T2,M,Sepúlveda,,Thiago,Diego,dificil
T2,M,Sepúlveda,,Gabriel,Raúl,dificil
T2,M,Sepúlveda,,Rubén,David,contraste
T2,M,Sepúlveda,,Juan,Maximiliano,dificil
T2,M,Sepúlveda,,Casimiro,Santiago,aleatorio
T2,M,Sepúlveda,,Diego,Enzo,dificil
T2,M,Sepúlveda,,Antonio,Rafael,aleatorio
T2,M,Sepúlveda,,David,Sebastián,contraste
T2,M,Tapia,,Santiago,Maximiliano,aleatorio
T2,M,Tapia,,Samuel,Enzo,aleatorio
T2,M,Tapia,,Adrián,Rubén,dificil
T2,M,Tapia,,David,Benjamín,contraste
T2,M,Tapia,,Juan,Raúl,dificil
T2,M,Tapia,,David,Juan,contraste
T2,M,Tapia,,Sebastián,David,contraste
T2,M,Tapia,,Martín,David,contraste
T2,M,Tapia,,José,Javier,aleatorio
T2,M,Tapia,,Ángel,Santiago,aleatorio
T2,M,Tapia,,Joaquín,David,contraste
T2,M,Tapia,,Pablo,Pedro,dificil
T2,M,Tapia,,Gael,Emiliano,dificil
T2,M,Tapia,,David,Agustín,contraste
T2,M,Tapia,,Maximiliano,Joaquín,aleatorio
T2,M,Tapia,,Felipe,Pedro,dificil
T2,M,Tapia,,Demetrio,Miguel,dificil
T2,M,Tapia,,Adrián,David,contraste
T2,M,Tapia,,Manuel,Gael,aleatorio
T2,M,Tapia,,Diego,Enzo,aleatorio
T2,M,Tapia,,Samuel,Martín,dificil
T2,M,Tapia,,Pablo,Felipe,dificil
T2,M,Tapia,,Adrián,Javier,dificil
T2,M,Tapia,,David,Baltasar,contraste
T2,M,Tapia,,Pablo,Diego,aleatorio
T2,M,Valenzuela,,Emiliano,Tomás,aleatorio
T2,M,Valenzuela,,Ángel,David,contraste
T2,M,Valenzuela,,Matías,Rodrigo,dificil
T2,M,Valenzuela,,Enzo,Isaac,aleatorio
T2,M,Valenzuela,,Emiliano,Pablo,aleatorio
T2,M,Valenzuela,,Pedro,Bruno,dificil
T2,M,Valenzuela,,Diego,Rafael,aleatorio
T2,M,Valenzuela,,David,Miguel,contraste
T2,M,Valenzuela,,Emiliano,Bruno,dificil
T2,M,Valenzuela,,Gabriel,Tomás,aleatorio
T2,M,Valenzuela,,Andrés,Gael,dificil
T2,M,Valenzuela,,Samuel,David,contraste
T2,M,Valenzuela,,Felipe,Rodrigo,aleatorio
T2,M,Valenzuela,,Pedro,Emiliano,dificil
T2,M,Valenzuela,,David,Rafael,contraste
T2,M,Valenzuela,,Rafael,Sebastián,aleatorio
T2,M,Valenzuela,,Manuel,Miguel,dificil
T2,M,Valenzuela,,Manuel,David,contraste
T2,M,Valenzuela,,Álvaro,Antonio,dificil
T2,M,Valenzuela,,David,Óscar,contraste
T2,M,Valenzuela,,David,Gabriel,contraste
T2,M,Valenzuela,,Thiago,Diego,dificil
T2,M,Valenzuela,,Tomás,Lucas,dificil
T2,M,Valenzuela,,David,Baltasar,contraste
T2,M,Valenzuela,,Rubén,Diego,aleatorio
T2,M,Tagle,,Miguel,Manuel,dificil
T2,M,Tagle,,José,Emilio,dificil
T2,M,Tagle,,Juan,Baltasar,aleatorio
T2,M,Tagle,,Martín,David,contraste
T2,M,Tagle,,David,Maximiliano,aleatorio
T2,M,Tagle,,Gael,Emiliano,dificil
T2,M,Tagle,,David,Juan,contraste
T2,M,Tagle,,Rubén,Javier,dificil
T2,M,Tagle,,Miguel,Demetrio,dificil
T2,M,Tagle,,Lucas,Tomás,dificil
T2,M,Tagle,,Pablo,Felipe,aleatorio
T2,M,Tagle,,Agustín,David,contraste
T2,M,Tagle,,David,Adrián,contraste
T2,M,Tagle,,Edmundo,Javier,aleatorio
T2,M,Tagle,,Agustín,Ángel,aleatorio
T2,M,Tagle,,Óscar,David,contraste
T2,M,Tagle,,Adrián,Gabriel,aleatorio
T2,M,Tagle,,Adrián,Javier,dificil
T2,M,Tagle,,David,Benjamín,contraste
T2,M,Tagle,,Santiago,Emilio,aleatorio
T2,M,Tagle,,Pablo,Pedro,dificil
T2,M,Tagle,,Joaquín,David,contraste
T2,M,Tagle,,Manuel,Demetrio,dificil
T2,M,Tagle,,Óscar,Lucas,aleatorio
T2,M,Tagle,,Sebastián,David,contraste
T3,F,García,Romero,Irene,Manuela,aleatorio
T3,F,García,Romero,Martina,Ramona,dificil
T3,F,García,Romero,Rocío,Julia,contraste
T3,F,García,Romero,Rocío,Cecilia,contraste
T3,F,García,Romero,Andrea,Daniela,aleatorio
T3,F,García,Romero,Miranda,Laura,aleatorio
T3,F,García,Romero,Rocío,Amelia,contraste
T3,F,García,Romero,Amelia,Olivia,dificil
T3,F,García,Romero,Victoria,Rocío,contraste
T3,F,García,Romero,Cecilia,Ignacia,dificil
T3,F,García,Romero,Daniela,Manuela,dificil
T3,F,García,Romero,Mía,Valeria,dificil
T3,F,García,Romero,Jimena,Ximena,dificil
T3,F,García,Romero,Julieta,Valentina,aleatorio
T3,F,García,Romero,Sara,Andrea,aleatorio
T3,F,García,Romero,Valeria,Rocío,contraste
T3,F,García,Romero,Emilia,Rocío,contraste
T3,F,García,Romero,Renata,Victoria,aleatorio
T3,F,García,Romero,Aitana,Clara,dificil
T3,F,García,Romero,Olivia,Rocío,contraste
T3,F,García,Romero,Valentina,Regina,aleatorio
T3,F,García,Romero,Emilia,Olivia,dificil
T3,F,García,Romero,Rocío,Ignacia,contraste
T3,F,García,Romero,Diana,Julia,dificil
T3,F,García,Romero,Josefina,Milagros,aleatorio
T3,F,Rodríguez,Herrera,Rocío,Amelia,contraste
T3,F,Rodríguez,Herrera,Valeria,Rocío,contraste
T3,F,Rodríguez,Herrera,Gabriela,Cecilia,aleatorio
T3,F,Rodríguez,Herrera,Paula,Julia,aleatorio
T3,F,Rodríguez,Herrera,Cecilia,Miranda,dificil
T3,F,Rodríguez,Herrera,Diana,Mía,aleatorio
T3,F,Rodríguez,Herrera,Victoria,Rocío,contraste
T3,F,Rodríguez,Herrera,Emilia,Rocío,contraste
T3,F,Rodríguez,Herrera,Amelia,Elena,aleatorio
T3,F,Rodríguez,Herrera,Rocío,Isabella,contraste
T3,F,Rodríguez,Herrera,Cecilia,Rocío,contraste
T3,F,Rodríguez,Herrera,Cecilia,Laura,aleatorio
T3,F,Rodríguez,Herrera,Regina,Renata,dificil
T3,F,Rodríguez,Herrera,Fernanda,Begoña,dificil
T3,F,Rodríguez,Herrera,María,Lucía,dificil
T3,F,Rodríguez,Herrera,Inés,Daniela,aleatorio
T3,F,Rodríguez,Herrera,Luna,Emma,dificil
T3,F,Rodríguez,Herrera,Renata,Ignacia,aleatorio
T3,F,Rodríguez,Herrera,Martina,Valeria,dificil
T3,F,Rodríguez,Herrera,Julia,Fernanda,aleatorio
T3,F,Rodríguez,Herrera,Ignacia,Ramona,dificil
T3,F,Rodríguez,Herrera,Ramona,Valeria,dificil
T3,F,Rodríguez,Herrera,Ignacia,Rocío,contraste
T3,F,Rodríguez,Herrera,Manuela,Daniela,dificil
T3,F,Rodríguez,Herrera,Julia,Rocío,contraste
T3,F,González,Orellana,María,Lucía,dificil
T3,F,González,Orellana,Rocío,Amelia,contraste
T3,F,González,Orellana,Ignacia,Ramona,dificil
T3,F,González,Orellana,Olivia,Rocío,contraste
T3,F,González,Orellana,Rocío,Julia,contraste
T3,F,González,Orellana,Regina,Miranda,aleatorio
T3,F,González,Orellana,Ignacia,Rocío,contraste
T3,F,González,Orellana,Begoña,Cecilia,aleatorio
T3,F,González,Orellana,Emilia,Rocío,contraste
T3,F,González,Orellana,Julieta,Cecilia,aleatorio
T3,F,González,Orellana,Paloma,Sara,dificil
T3,F,González,Orellana,Cecilia,Rocío,contraste
T3,F,González,Orellana,Valeria,Rocío,contraste
T3,F,González,Orellana,Renata,Catalina,dificil
T3,F,González,Orellana,Amelia,Emilia,dificil
T3,F,González,Orellana,Catalina,Clara,aleatorio
T3,F,González,Orellana,Rocío,Victoria,contraste
T3,F,González,Orellana,María,Begoña,aleatorio
T3,F,González,Orellana,Paloma,Jimena,aleatorio
T3,F,González,Orellana,Ximena,Jimena,dificil
T3,F,González,Orellana,Alejandra,Regina,aleatorio
T3,F,González,Orellana,Julia,Diana,dificil
T3,F,González,Orellana,Olivia,Emilia,dificil
T3,F,González,Orellana,Ximena,Cecilia,aleatorio
T3,F,González,Orellana,Ignacia,Cecilia,dificil
T3,F,López,Aguilar,Carmen,Paula,aleatorio
T3,F,López,Aguilar,Ana,Julia,dificil
T3,F,López,Aguilar,Paula,Clara,dificil
T3,F,López,Aguilar,Paula,Laura,aleatorio
T3,F,López,Aguilar,Rocío,Amelia,contraste
T3,F,López,Aguilar,Cecilia,Paula,dificil
T3,F,López,Aguilar,Emilia,Rocío,contraste
T3,F,López,Aguilar,Olivia,Rocío,contraste
T3,F,López,Aguilar,Jimena,Camila,dificil
T3,F,López,Aguilar,Luna,Paula,aleatorio
T3,F,López,Aguilar,Olivia,Ximena,dificil
T3,F,López,Aguilar,Rocío,Ignacia,contraste
T3,F,López,Aguilar,Rocío,Valeria,contraste
T3,F,López,Aguilar,Sofía,Andrea,aleatorio
T3,F,López,Aguilar,Diana,Inés,aleatorio
T3,F,López,Aguilar,Ignacia,Elena,aleatorio
T3,F,López,Aguilar,Cecilia,Sara,aleatorio
T3,F,López,Aguilar,Manuela,Paula,aleatorio
T3,F,López,Aguilar,Rocío,Irene,contraste
T3,F,López,Aguilar,Cecilia,Julieta,dificil
T3,F,López,Aguilar,Ignacia,Laura,dificil
T3,F,López,Aguilar,Julia,Rocío,contraste
T3,F,López,Aguilar,Rocío,Victoria,contraste
T3,F,López,Aguilar,Emilia,Amelia,dificil
T3,F,López,Aguilar,Begoña,Sofía,dificil
T3,F,Martínez,Tagle,Victoria,Rocío,contraste
T3,F,Martínez,Tagle,Julieta,Camila,aleatorio
T3,F,Martínez,Tagle,Laura,Paula,dificil
T3,F,Martínez,Tagle,Begoña,Valentina,aleatorio
T3,F,Martínez,Tagle,Julia,Rocío,contraste
T3,F,Martínez,Tagle,Ignacia,Rocío,contraste
T3,F,Martínez,Tagle,Daniela,Emma,aleatorio
T3,F,Martínez,Tagle,Sara,Ramona,aleatorio
T3,F,Martínez,Tagle,Ximena,Jimena,dificil
T3,F,Martínez,Tagle,Valeria,Rocío,contraste
T3,F,Martínez,Tagle,Martina,Lucía,dificil
T3,F,Martínez,Tagle,Victoria,Alejandra,aleatorio
T3,F,Martínez,Tagle,Paula,Lucía,aleatorio
T3,F,Martínez,Tagle,Fernanda,Rocío,aleatorio
T3,F,Martínez,Tagle,Victoria,Begoña,dificil
T3,F,Martínez,Tagle,Julia,Ana,dificil
T3,F,Martínez,Tagle,Isabella,Rocío,contraste
T3,F,Martínez,Tagle,Emilia,Rocío,contraste
T3,F,Martínez,Tagle,Manuela,Elena,dificil
T3,F,Martínez,Tagle,Julieta,Isabella,aleatorio
T3,F,Martínez,Tagle,Rocío,Olivia,contraste
T3,F,Martínez,Tagle,Amelia,Rocío,contraste
T3,F,Martínez,Tagle,Martina,Ramona,dificil
T3,F,Martínez,Tagle,Elena,Daniela,dificil
T3,F,Martínez,Tagle,Camila,Rocío,dificil
T3,F,Tagle,Díaz,Elena,Daniela,dificil
T3,F,Tagle,Díaz,Julia,Rocío,contraste
T3,F,Tagle,Díaz,Regina,Julieta,aleatorio
T3,F,Tagle,Díaz,Isabella,Rocío,contraste
T3,F,Tagle,Díaz,Aitana,Emma,aleatorio
T3,F,Tagle,Díaz,Rocío,Valeria,contraste
T3,F,Tagle,Díaz,Irene,Rocío,contraste
T3,F,Tagle,Díaz,Olivia,Rocío,contraste
T3,F,Tagle,Díaz,Catalina,Isabella,dificil
T3,F,Tagle,Díaz,Elena,Jimena,aleatorio
T3,F,Tagle,Díaz,Paloma,Ana,dificil
T3,F,Tagle,Díaz,Valeria,Martina,dificil
T3,F,Tagle,Díaz,Cecilia,Isabel,dificil
T3,F,Tagle,Díaz,Valentina,Renata,aleatorio
T3,F,Tagle,Díaz,Isabel,Laura,dificil
T3,F,Tagle,Díaz,Rocío,Ignacia,contraste
T3,F,Tagle,Díaz,Paula,Daniela,aleatorio
T3,F,Tagle,Díaz,Camila,Luna,aleatorio
T3,F,Tagle,Díaz,Olivia,Begoña,aleatorio
T3,F,Tagle,Díaz,Paloma,Camila,dificil
T3,F,Tagle,Díaz,Jimena,Paloma,dificil
T3,F,Tagle,Díaz,Jimena,Ximena,dificil
T3,F,Tagle,Díaz,Emilia,Rocío,contraste
T3,F,Tagle,Díaz,Rocío,Cecilia,contraste
T3,F,Tagle,Díaz,Irene,Alejandra,aleatorio
T3,F,Sánchez,Marín,Rocío,Milagros,aleatorio
T3,F,Sánchez,Marín,Ana,Miranda,aleatorio
T3,F,Sánchez,Marín,Josefina,Gabriela,aleatorio
T3,F,Sánchez,Marín,Olivia,Ximena,dificil
T3,F,Sánchez,Marín,Julia,Camila,dificil
T3,F,Sánchez,Marín,Julieta,Paula,dificil
T3,F,Sánchez,Marín,Carmen,Valeria,aleatorio
T3,F,Sánchez,Marín,Ignacia,Ramona,dificil
T3,F,Sánchez,Marín,Rocío,Isabella,contraste
T3,F,Sánchez,Marín,Jimena,Cecilia,aleatorio
T3,F,Sánchez,Marín,Rocío,Olivia,contraste
T3,F,Sánchez,Marín,Ximena,Jimena,dificil
T3,F,Sánchez,Marín,Luna,Emma,dificil
T3,F,Sánchez,Marín,Regina,Diana,aleatorio
T3,F,Sánchez,Marín,Amelia,Rocío,contraste
T3,F,Sánchez,Marín,Ximena,Diana,dificil
T3,F,Sánchez,Marín,Catalina,Emilia,aleatorio
T3,F,Sánchez,Marín,Miranda,Valeria,dificil
T3,F,Sánchez,Marín,Ignacia,Rocío,contraste
T3,F,Sánchez,Marín,Rocío,Valeria,contraste
T3,F,Sánchez,Marín,Rocío,Emilia,contraste
T3,F,Sánchez,Marín,Victoria,Rocío,contraste
T3,F,Sánchez,Marín,Cecilia,Rocío,contraste
T3,F,Sánchez,Marín,Valeria,Milagros,aleatorio
T3,F,Sánchez,Marín,Diana,Jimena,dificil
T3,F,Díaz,Paredes,Rocío,Ignacia,contraste
T3,F,Díaz,Paredes,Aitana,Irene,dificil
T3,F,Díaz,Paredes,Cecilia,Ramona,aleatorio
T3,F,Díaz,Paredes,Martina,Aitana,aleatorio
T3,F,Díaz,Paredes,Martina,Daniela,dificil
T3,F,Díaz,Paredes,Milagros,Belén,contraste
T3,F,Díaz,Paredes,Begoña,Inés,aleatorio
T3,F,Díaz,Paredes,Milagros,Carmen,contraste
T3,F,Díaz,Paredes,Irene,Mía,aleatorio
T3,F,Díaz,Paredes,Belén,Inés,contraste
T3,F,Díaz,Paredes,Lucía,María,dificil
T3,F,Díaz,Paredes,Ximena,Diana,dificil
T3,F,Díaz,Paredes,Olivia,Rocío,contraste
T3,F,Díaz,Paredes,Sara,Valeria,dificil
T3,F,Díaz,Paredes,Emilia,Miranda,aleatorio
T3,F,Díaz,Paredes,Amelia,Olivia,dificil
T3,F,Díaz,Paredes,Elena,Victoria,aleatorio
T3,F,Díaz,Paredes,Amelia,Emilia,dificil
T3,F,Díaz,Paredes,Rocío,Valeria,contraste
T3,F,Díaz,Paredes,Carmen,Inés,contraste
T3,F,Díaz,Paredes,Cecilia,Rocío,contraste
T3,F,Díaz,Paredes,Manuela,Ramona,dificil
T3,F,Díaz,Paredes,Gabriela,Olivia,aleatorio
T3,F,Díaz,Paredes,Irene,Begoña,aleatorio
T3,F,Díaz,Paredes,Emilia,Olivia,dificil
T3,F,Muñoz,Rodríguez,Ramona,Sara,aleatorio
T3,F,Muñoz,Rodríguez,Regina,Andrea,dificil
T3,F,Muñoz,Rodríguez,Miranda,Inés,aleatorio
T3,F,Muñoz,Rodríguez,Ramona,Valeria,dificil
T3,F,Muñoz,Rodríguez,Manuela,Cecilia,dificil
T3,F,Muñoz,Rodríguez,Olivia,Diana,dificil
T3,F,Muñoz,Rodríguez,Rocío,Ignacia,contraste
T3,F,Muñoz,Rodríguez,Rocío,Valeria,contraste
T3,F,Muñoz,Rodríguez,Luna,Paloma,aleatorio
T3,F,Muñoz,Rodríguez,Jimena,Diana,dificil
T3,F,Muñoz,Rodríguez,Rocío,Cecilia,contraste
T3,F,Muñoz,Rodríguez,Inés,Manuela,aleatorio
T3,F,Muñoz,Rodríguez,Rocío,Victoria,contraste
T3,F,Muñoz,Rodríguez,Emilia,Rocío,contraste
T3,F,Muñoz,Rodríguez,Luna,Amelia,aleatorio
T3,F,Muñoz,Rodríguez,Olivia,Rocío,contraste
T3,F,Muñoz,Rodríguez,Ximena,Olivia,dificil
T3,F,Muñoz,Rodríguez,Amelia,Emilia,dificil
T3,F,Muñoz,Rodríguez,Rocío,Julia,contraste
T3,F,Muñoz,Rodríguez,Mía,Emilia,aleatorio
T3,F,Muñoz,Rodríguez,Ignacia,Martina,dificil
T3,F,Muñoz,Rodríguez,Jimena,Julia,dificil
T3,F,Muñoz,Rodríguez,Victoria,Daniela,aleatorio
T3,F,Muñoz,Rodríguez,Clara,Aitana,aleatorio
T3,F,Muñoz,Rodríguez,Rocío,Isabella,contraste
T3,F,Romero,Iglesias,Luna,Emma,dificil
T3,F,Romero,Iglesias,Rocío,Julia,contraste
T3,F,Romero,Iglesias,Ximena,Emilia,dificil
T3,F,Romero,Iglesias,Milagros,Camila,aleatorio
T3,F,Romero,Iglesias,Emilia,Rocío,contraste
T3,F,Romero,Iglesias,Rocío,Victoria,contraste
T3,F,Romero,Iglesias,Ignacia,Rocío,contraste
T3,F,Romero,Iglesias,María,Daniela,aleatorio
T3,F,Romero,Iglesias,Amelia,Rocío,contraste
T3,F,Romero,Iglesias,Ximena,Julieta,aleatorio
T3,F,Romero,Iglesias,Paula,Rocío,aleatorio
T3,F,Romero,Iglesias,Valeria,Rocío,contraste
T3,F,Romero,Iglesias,Paloma,Alejandra,aleatorio
T3,F,Romero,Iglesias,Amelia,Emilia,dificil
T3,F,Romero,Iglesias,Olivia,Emilia,dificil
T3,F,Romero,Iglesias,Olivia,Rocío,contraste
T3,F,Romero,Iglesias,Rocío,Isabella,contraste
T3,F,Romero,Iglesias,Miranda,Ramona,dificil
T3,F,Romero,Iglesias,Amelia,Olivia,dificil
T3,F,Romero,Iglesias,Aitana,Milagros,aleatorio
T3,F,Romero,Iglesias,Amelia,Cecilia,aleatorio
T3,F,Romero,Iglesias,Belén,Alejandra,aleatorio
T3,F,Romero,Iglesias,Jimena,Olivia,dificil
T3,F,Romero,Iglesias,Emilia,Camila,dificil
T3,F,Romero,Iglesias,María,Elena,dificil
T3,M,Torres,Rojas,Ángel,Baltasar,dificil
T3,M,Torres,Rojas,Rodrigo,Gael,aleatorio
T3,M,Torres,Rojas,Emiliano,Franco,dificil
T3,M,Torres,Rojas,Manuel,Miguel,dificil
T3,M,Torres,Rojas,Juan,David,contraste
T3,M,Torres,Rojas,Benjamín,David,contraste
T3,M,Torres,Rojas,Adrián,David,contraste
T3,M,Torres,Rojas,David,Sebastián,contraste
T3,M,Torres,Rojas,Edmundo,Rafael,dificil
T3,M,Torres,Rojas,Santiago,Diego,aleatorio
T3,M,Torres,Rojas,Thiago,Emilio,aleatorio
T3,M,Torres,Rojas,Demetrio,Ángel,dificil
T3,M,Torres,Rojas,Martín,David,contraste
T3,M,Torres,Rojas,David,Joaquín,contraste
T3,M,Torres,Rojas,Edmundo,Carlos,aleatorio
T3,M,Torres,Rojas,Lucas,Tomás,dificil
T3,M,Torres,Rojas,David,Agustín,contraste
T3,M,Torres,Rojas,David,Óscar,contraste
T3,M,Torres,Rojas,Mateo,Santiago,aleatorio
T3,M,Torres,Rojas,Pedro,Bruno,dificil
T3,M,Torres,Rojas,Carlos,Sebastián,aleatorio
T3,M,Torres,Rojas,Agustín,Maximiliano,aleatorio
T3,M,Torres,Rojas,Álvaro,Antonio,dificil
T3,M,Torres,Rojas,Raúl,Diego,dificil
T3,M,Torres,Rojas,Juan,Santiago,aleatorio
T3,M,Hernández,Peña,Sebastián,David,contraste
T3,M,Hernández,Peña,Tomás,Lucas,dificil
T3,M,Hernández,Peña,Santiago,Enzo,dificil
T3,M,Hernández,Peña,Juan,David,contraste
T3,M,Hernández,Peña,Alejandro,Andrés,aleatorio
T3,M,Hernández,Peña,Enzo,Andrés,dificil
T3,M,Hernández,Peña,Manuel,Miguel,dificil
T3,M,Hernández,Peña,Gabriel,David,contraste
T3,M,Hernández,Peña,Andrés,Santiago,dificil
T3,M,Hernández,Peña,Javier,José,aleatorio
T3,M,Hernández,Peña,Joaquín,David,contraste
T3,M,Hernández,Peña,Joaquín,Rafael,aleatorio
T3,M,Hernández,Peña,Baltasar,Isaac,dificil
T3,M,Hernández,Peña,Adrián,Casimiro,aleatorio
T3,M,Hernández,Peña,Antonio,Álvaro,dificil
T3,M,Hernández,Peña,Juan,Gael,aleatorio
T3,M,Hernández,Peña,David,Adrián,contraste
T3,M,Hernández,Peña,Agustín,David,contraste
T3,M,Hernández,Peña,Martín,David,contraste
T3,M,Hernández,Peña,David,Mateo,aleatorio
T3,M,Hernández,Peña,Samuel,Benjamín,aleatorio
T3,M,Hernández,Peña,Gael,Rodrigo,aleatorio
T3,M,Hernández,Peña,Joaquín,Matías,dificil
T3,M,Hernández,Peña,Rafael,Rodrigo,dificil
T3,M,Hernández,Peña,David,Benjamín,contraste
T3,M,Morales,Díaz,Benjamín,Franco,aleatorio
T3,M,Morales,Díaz,Isaac,Samuel,contraste
T3,M,Morales,Díaz,Lucas,Álvaro,aleatorio
T3,M,Morales,Díaz,David,Javier,contraste
T3,M,Morales,Díaz,Pedro,Santiago,aleatorio
T3,M,Morales,Díaz,Baltasar,Martín,dificil
T3,M,Morales,Díaz,Lucas,Tomás,dificil
T3,M,Morales,Díaz,Diego,Leonardo,aleatorio
T3,M,Morales,Díaz,Antonio,Óscar,dificil
T3,M,Morales,Díaz,Agustín,Gael,aleatorio
T3,M,Morales,Díaz,Gael,Franco,aleatorio
T3,M,Morales,Díaz,Óscar,Isaac,contraste
T3,M,Morales,Díaz,Bruno,Rafael,dificil
T3,M,Morales,Díaz,Óscar,David,contraste
T3,M,Morales,Díaz,Isaac,Miguel,contraste
T3,M,Morales,Díaz,Pedro,Rafael,dificil
T3,M,Morales,Díaz,Baltasar,David,contraste
T3,M,Morales,Díaz,Martín,Rubén,aleatorio
T3,M,Morales,Díaz,Joaquín,Demetrio,dificil
T3,M,Morales,Díaz,Rafael,Rubén,aleatorio
T3,M,Morales,Díaz,David,Alejandro,dificil
T3,M,Morales,Díaz,Miguel,Manuel,dificil
T3,M,Morales,Díaz,Isaac,Javier,contraste
T3,M,Morales,Díaz,Baltasar,Isaac,contraste
T3,M,Morales,Díaz,Santiago,Enzo,dificil
T3,M,Castro,Fuentes,Agustín,Lucas,dificil
T3,M,Castro,Fuentes,Álvaro,Antonio,dificil
T3,M,Castro,Fuentes,Martín,David,contraste
T3,M,Castro,Fuentes,David,Adrián,contraste
T3,M,Castro,Fuentes,Manuel,Felipe,aleatorio
T3,M,Castro,Fuentes,Edmundo,Martín,aleatorio
T3,M,Castro,Fuentes,Gael,Baltasar,aleatorio
T3,M,Castro,Fuentes,Juan,David,contraste
T3,M,Castro,Fuentes,David,Sebastián,contraste
T3,M,Castro,Fuentes,Enzo,Alejandro,aleatorio
T3,M,Castro,Fuentes,Joaquín,David,contraste
T3,M,Castro,Fuentes,Agustín,Tomás,dificil
T3,M,Castro,Fuentes,Tomás,Lucas,dificil
T3,M,Castro,Fuentes,Benjamín,David,contraste
T3,M,Castro,Fuentes,Gael,Antonio,aleatorio
T3,M,Castro,Fuentes,Agustín,David,contraste
T3,M,Castro,Fuentes,Santiago,Mateo,aleatorio
T3,M,Castro,Fuentes,Demetrio,Samuel,dificil
T3,M,Castro,Fuentes,Diego,Thiago,dificil
T3,M,Castro,Fuentes,Casimiro,Tomás,dificil
T3,M,Castro,Fuentes,Thiago,Baltasar,aleatorio
T3,M,Castro,Fuentes,David,Óscar,contraste
T3,M,Castro,Fuentes,Tomás,Bruno,aleatorio
T3,M,Castro,Fuentes,Enzo,Miguel,dificil
T3,M,Castro,Fuentes,Agustín,Casimiro,dificil
T3,M,Ortega,Contreras,Nicolás,Álvaro,aleatorio
T3,M,Ortega,Contreras,David,Sebastián,contraste
T3,M,Ortega,Contreras,Demetrio,Pedro,aleatorio
T3,M,Ortega,Contreras,Bruno,Antonio,dificil
T3,M,Ortega,Contreras,Thiago,Diego,dificil
T3,M,Ortega,Contreras,Antonio,Álvaro,dificil
T3,M,Ortega,Contreras,Agustín,David,contraste
T3,M,Ortega,Contreras,Juan,Bruno,aleatorio
T3,M,Ortega,Contreras,Andrés,Edmundo,aleatorio
T3,M,Ortega,Contreras,Matías,Thiago,aleatorio
T3,M,Ortega,Contreras,Baltasar,David,contraste
T3,M,Ortega,Contreras,David,Óscar,contraste
T3,M,Ortega,Contreras,David,Joaquín,contraste
T3,M,Ortega,Contreras,Raúl,Benjamín,dificil
T3,M,Ortega,Contreras,Raúl,Andrés,aleatorio
T3,M,Ortega,Contreras,Agustín,Rafael,dificil
T3,M,Ortega,Contreras,Javier,Andrés,dificil
T3,M,Ortega,Contreras,Pablo,Antonio,dificil
T3,M,Ortega,Contreras,David,Javier,contraste
T3,M,Ortega,Contreras,Adrián,David,contraste
T3,M,Ortega,Contreras,Pablo,Bruno,dificil
T3,M,Ortega,Contreras,Vicente,José,aleatorio
T3,M,Ortega,Contreras,Juan,David,contraste
T3,M,Ortega,Contreras,Leonardo,Martín,aleatorio
T3,M,Ortega,Contreras,Joaquín,Rubén,dificil
T3,M,Vázquez,Campos,Óscar,David,contraste
T3,M,Vázquez,Campos,Manuel,Miguel,dificil
T3,M,Vázquez,Campos,Adrián,Rubén,dificil
T3,M,Vázquez,Campos,David,Gael,contraste
T3,M,Vázquez,Campos,Demetrio,Juan,aleatorio
T3,M,Vázquez,Campos,José,Felipe,aleatorio
T3,M,Vázquez,Campos,Óscar,Raúl,dificil
T3,M,Vázquez,Campos,Leonardo,Demetrio,dificil
T3,M,Vázquez,Campos,Ángel,Emiliano,aleatorio
T3,M,Vázquez,Campos,David,Rafael,contraste
T3,M,Vázquez,Campos,Ángel,David,contraste
T3,M,Vázquez,Campos,Javier,Emiliano,aleatorio
T3,M,Vázquez,Campos,David,Manuel,contraste
T3,M,Vázquez,Campos,Enzo,Felipe,aleatorio
T3,M,Vázquez,Campos,Pedro,Pablo,dificil
T3,M,Vázquez,Campos,Miguel,Lucas,aleatorio
T3,M,Vázquez,Campos,Lucas,Tomás,dificil
T3,M,Vázquez,Campos,Leonardo,Thiago,dificil
T3,M,Vázquez,Campos,David,Baltasar,contraste
T3,M,Vázquez,Campos,Andrés,Raúl,aleatorio
T3,M,Vázquez,Campos,Mateo,Thiago,aleatorio
T3,M,Vázquez,Campos,Thiago,Diego,dificil
T3,M,Vázquez,Campos,David,Gabriel,contraste
T3,M,Vázquez,Campos,David,Miguel,contraste
T3,M,Vázquez,Campos,Mateo,Samuel,dificil
T3,M,Medina,Crespo,Javier,David,contraste
T3,M,Medina,Crespo,Gabriel,Antonio,aleatorio
T3,M,Medina,Crespo,Javier,Isaac,contraste
T3,M,Medina,Crespo,Diego,Bruno,aleatorio
T3,M,Medina,Crespo,Joaquín,Bruno,aleatorio
T3,M,Medina,Crespo,Óscar,Isaac,contraste
T3,M,Medina,Crespo,Baltasar,Isaac,contraste
T3,M,Medina,Crespo,Gabriel,Maximiliano,dificil
T3,M,Medina,Crespo,David,Baltasar,contraste
T3,M,Medina,Crespo,Nicolás,Edmundo,dificil
T3,M,Medina,Crespo,Carlos,Santiago,aleatorio
T3,M,Medina,Crespo,Emiliano,Demetrio,dificil
T3,M,Medina,Crespo,Rafael,Isaac,contraste
T3,M,Medina,Crespo,Ángel,Martín,aleatorio
T3,M,Medina,Crespo,Thiago,Diego,dificil
T3,M,Medina,Crespo,Mateo,Felipe,aleatorio
T3,M,Medina,Crespo,Rafael,Benjamín,aleatorio
T3,M,Medina,Crespo,Manuel,Miguel,dificil
T3,M,Medina,Crespo,Juan,Benjamín,dificil
T3,M,Medina,Crespo,Óscar,David,contraste
T3,M,Medina,Crespo,Gael,Raúl,dificil
T3,M,Medina,Crespo,Adrián,Rodrigo,dificil
T3,M,Medina,Crespo,Isaac,Gabriel,contraste
T3,M,Medina,Crespo,Antonio,Álvaro,dificil
T3,M,Medina,Crespo,Juan,Emilio,aleatorio
T3,M,Sepúlveda,Martínez,Pablo,Antonio,dificil
T3,M,Sepúlveda,Martínez,Rubén,David,contraste
T3,M,Sepúlveda,Martínez,Thiago,Gabriel,aleatorio
T3,M,Sepúlveda,Martínez,Bruno,Antonio,dificil
T3,M,Sepúlveda,Martínez,Ángel,Nicolás,dificil
T3,M,Sepúlveda,Martínez,Benjamín,Felipe,dificil
T3,M,Sepúlveda,Martínez,Tomás,Lucas,dificil
T3,M,Sepúlveda,Martínez,David,Juan,contraste
T3,M,Sepúlveda,Martínez,Enzo,David,aleatorio
T3,M,Sepúlveda,Martínez,Óscar,Joaquín,dificil
T3,M,Sepúlveda,Martínez,Gael,Raúl,dificil
T3,M,Sepúlveda,Martínez,Raúl,Isaac,dificil
T3,M,Sepúlveda,Martínez,Joaquín,Andrés,aleatorio
T3,M,Sepúlveda,Martínez,Baltasar,Matías,aleatorio
T3,M,Sepúlveda,Martínez,Martín,David,contraste
T3,M,Sepúlveda,Martínez,David,Agustín,contraste
T3,M,Sepúlveda,Martínez,David,Joaquín,contraste
T3,M,Sepúlveda,Martínez,Rubén,Emilio,aleatorio
T3,M,Sepúlveda,Martínez,Benjamín,David,contraste
T3,M,Sepúlveda,Martínez,David,Adrián,contraste
T3,M,Sepúlveda,Martínez,Thiago,Diego,dificil
T3,M,Sepúlveda,Martínez,Demetrio,Matías,aleatorio
T3,M,Sepúlveda,Martínez,Sebastián,David,contraste
T3,M,Sepúlveda,Martínez,José,Javier,aleatorio
T3,M,Sepúlveda,Martínez,Felipe,Mateo,aleatorio
T3,M,Bravo,Vidal,Adrián,Rubén,dificil
T3,M,Bravo,Vidal,Manuel,Miguel,dificil
T3,M,Bravo,Vidal,Pedro,Pablo,dificil
T3,M,Bravo,Vidal,David,Samuel,contraste
T3,M,Bravo,Vidal,Santiago,Carlos,aleatorio
T3,M,Bravo,Vidal,David,Miguel,contraste
T3,M,Bravo,Vidal,David,Gael,contraste
T3,M,Bravo,Vidal,Miguel,Mateo,dificil
T3,M,Bravo,Vidal,Mateo,Manuel,dificil
T3,M,Bravo,Vidal,David,Óscar,contraste
T3,M,Bravo,Vidal,Casimiro,Matías,aleatorio
T3,M,Bravo,Vidal,Enzo,Nicolás,aleatorio
T3,M,Bravo,Vidal,Franco,Enzo,dificil
T3,M,Bravo,Vidal,Franco,Ángel,aleatorio
T3,M,Bravo,Vidal,Felipe,Joaquín,aleatorio
T3,M,Bravo,Vidal,David,Ángel,contraste
T3,M,Bravo,Vidal,Pedro,Maximiliano,aleatorio
T3,M,Bravo,Vidal,David,Rafael,contraste
T3,M,Bravo,Vidal,Emiliano,Andrés,aleatorio
T3,M,Bravo,Vidal,Franco,Emiliano,dificil
T3,M,Bravo,Vidal,Tomás,Lucas,dificil
T3,M,Bravo,Vidal,David,Gabriel,contraste
T3,M,Bravo,Vidal,Maximiliano,Nicolás,dificil
T3,M,Bravo,Vidal,Baltasar,David,contraste
T3,M,Bravo,Vidal,Felipe,Edmundo,aleatorio
T3,M,Espinoza,Solís,Diego,José,aleatorio
T3,M,Espinoza,Solís,Nicolás,Benjamín,aleatorio
T3,M,Espinoza,Solís,Casimiro,Demetrio,aleatorio
T3,M,Espinoza,Solís,Javier,Leonardo,dificil
T3,M,Espinoza,Solís,Rubén,Javier,dificil
T3,M,Espinoza,Solís,Leonardo,Rubén,dificil
T3,M,Espinoza,Solís,David,Rafael,contraste
T3,M,Espinoza,Solís,Alejandro,Diego,aleatorio
T3,M,Espinoza,Solís,David,Juan,contraste
T3,M,Espinoza,Solís,Bruno,Adrián,aleatorio
T3,M,Espinoza,Solís,David,Joaquín,contraste
T3,M,Espinoza,Solís,Felipe,José,aleatorio
T3,M,Espinoza,Solís,Lucas,Tomás,dificil
T3,M,Espinoza,Solís,David,Martín,contraste
T3,M,Espinoza,Solís,David,Adrián,contraste
T3,M,Espinoza,Solís,Samuel,Rubén,aleatorio
T3,M,Espinoza,Solís,Álvaro,Bruno,dificil
T3,M,Espinoza,Solís,Samuel,Lucas,aleatorio
T3,M,Espinoza,Solís,David,Sebastián,contraste
T3,M,Espinoza,Solís,Samuel,Bruno,dificil
T3,M,Espinoza,Solís,Antonio,Pedro,dificil
T3,M,Espinoza,Solís,David,Agustín,contraste
T3,M,Espinoza,Solís,Óscar,Raúl,dificil
T3,M,Espinoza,Solís,David,Benjamín,contraste
T3,M,Espinoza,Solís,Álvaro,Samuel,dificil
